"store_type","total_sales","orders_count"
"Local",4201732.459999594,"78429"
"Mall Kiosk",706188.7100000068,"13151"
"Outlet",508411.37000000384,"9214"
"Super Store",1045395.5800000025,"19286"
"Web Portal",1067.7700000000002,"43"
